{
  "agentNewMiniApp.defs.ts": [],
  "agentNewMiniApp.test.ts": [
    "./_100554_tsTestAST"
  ],
  "agentNewMiniApp.ts": [
    "/_100554_/l2/aiAgentBase",
    "/_100554_/l2/aiPrompts",
    "/_100554_/l2/widgetQuestionsForClarification",
    "/_100554_/l2/aiAgentHelper",
    "/_100554_/l2/aiAgentOrchestration"
  ],
  "agentUpdateMiniApp.defs.ts": [],
  "agentUpdateMiniApp.test.ts": [
    "./_100554_tsTestAST"
  ],
  "agentUpdateMiniApp.ts": [
    "/_100554_/l2/aiAgentBase",
    "/_100554_/l2/aiPrompts",
    "/_100554_/l2/utilsLit.js",
    "/_100554_/l2/widgetQuestionsForClarification",
    "/_100554_/l2/aiAgentHelper",
    "/_100554_/l2/aiAgentOrchestration",
    "/_100554_/l2/pluginNewFileBase",
    "/_100554_/l2/serviceSource",
    "/_100554_/l2/collabState",
    "/_100554_/l2/projectAST",
    "/_100554_/l2/collabImport"
  ],
  "config.defs.ts": [],
  "config.test.ts": [
    "./_100554_tsTestAST"
  ],
  "config.ts": [
    "./_102020_aura"
  ],
  "designSystem.defs.ts": [],
  "designSystem.test.ts": [
    "/_100554_/l2/tsTestAST.js"
  ],
  "designSystem.ts": [
    "/_100554_/l2/designSystemBase"
  ],
  "project.ts": []
}