{
  "agentLucas.defs.ts": [],
  "agentLucas.test.ts": [
    "./_100554_tsTestAST"
  ],
  "agentLucas.ts": [
    "/_100554_/l2/aiAgentBase",
    "/_100554_/l2/aiPrompts",
    "./_100554_widgetQuestionsForClarification",
    "/_100554_/l2/aiAgentHelper",
    "/_100554_/l2/aiAgentOrchestration"
  ],
  "agentNewMiniApp.defs.ts": [],
  "agentNewMiniApp.test.ts": [
    "./_100554_tsTestAST"
  ],
  "agentNewMiniApp.ts": [
    "/_100554_/l2/aiAgentBase.js",
    "/_100554_/l2/aiPrompts.js",
    "/_100554_/l2/widgetQuestionsForClarification.js",
    "/_100554_/l2/aiAgentHelper.js",
    "/_100554_/l2/aiAgentOrchestration.js"
  ],
  "agentUpdateMiniApp.defs.ts": [],
  "agentUpdateMiniApp.test.ts": [
    "./_100554_tsTestAST"
  ],
  "agentUpdateMiniApp.ts": [
    "/_100554_/l2/aiAgentBase.js",
    "/_100554_/l2/aiPrompts.js",
    "/_100554_/l2/utilsLit.js",
    "/_100554_/l2/widgetQuestionsForClarification.js",
    "/_100554_/l2/aiAgentHelper.js",
    "/_100554_/l2/aiAgentOrchestration.js",
    "/_100554_/l2/pluginNewFileBase.js",
    "/_100554_/l2/serviceSource.js",
    "/_100554_/l2/collabState.js",
    "/_100554_/l2/projectAST.js",
    "/_100554_/l2/collabImport.js"
  ],
  "collabRunTime.defs.ts": [],
  "collabRunTime.test.ts": [
    "./_100554_tsTestAST"
  ],
  "collabRunTime.ts": [],
  "config.defs.ts": [],
  "config.test.ts": [
    "./_100554_tsTestAST"
  ],
  "config.ts": [
    "/_102020_/l2/aura"
  ],
  "designSystem.defs.ts": [],
  "designSystem.test.ts": [
    "/_100554_/l2/tsTestAST.js"
  ],
  "designSystem.ts": [
    "/_100554_/l2/designSystemBase"
  ],
  "project.defs.ts": [],
  "project.test.ts": [
    "./_100554_tsTestAST"
  ],
  "project.ts": []
}