{
  "lastModified": "2025-12-11T21:19:00.408Z",
  "files": [
    {
      "shortPath": "l0/README.md",
      "versionRef": "912a8f44b08065d2ae7994816920840c5b05245e",
      "Length": 14,
      "update_at": "2025-11-14T20:45:33.000Z"
    },
    {
      "shortPath": "l2/agentLucas.defs.ts",
      "versionRef": "7b07ee37958cc30cac9263107405625bd8884f63",
      "Length": 84,
      "update_at": "2025-12-10T17:36:19.000Z"
    },
    {
      "shortPath": "l2/agentLucas.html",
      "versionRef": "9240e95e010f54275a984bd1e7de03d854058f7c",
      "Length": 371,
      "update_at": "2025-12-10T17:36:19.000Z"
    },
    {
      "shortPath": "l2/agentLucas.less",
      "versionRef": "d0eb778722e802ea0cf8ee1c2ca93383c169f103",
      "Length": 140,
      "update_at": "2025-12-10T17:36:20.000Z"
    },
    {
      "shortPath": "l2/agentLucas.test.ts",
      "versionRef": "bc77790a67da065191887afd4bbc174adf8fd30b",
      "Length": 252,
      "update_at": "2025-12-10T17:36:21.000Z"
    },
    {
      "shortPath": "l2/agentLucas.ts",
      "versionRef": "c67d0c52a6b00964f15506f2bc193e49a64c0d22",
      "Length": 7945,
      "update_at": "2025-12-10T17:36:22.000Z"
    },
    {
      "shortPath": "l2/agentNewMiniApp.defs.ts",
      "versionRef": "99b388dcbec8635288b1327f6f12745e0e34c2c6",
      "Length": 89,
      "update_at": "2025-12-05T17:22:37.000Z"
    },
    {
      "shortPath": "l2/agentNewMiniApp.html",
      "versionRef": "d8b73b568e0ef2f578a3fcd93aa1a559bdfe0654",
      "Length": 7774,
      "update_at": "2025-12-11T21:18:03.000Z"
    },
    {
      "shortPath": "l2/agentNewMiniApp.less",
      "versionRef": "499e7d423be171db158e15c134c772fc72471b53",
      "Length": 152,
      "update_at": "2025-12-05T17:22:39.000Z"
    },
    {
      "shortPath": "l2/agentNewMiniApp.test.ts",
      "versionRef": "1d5501be338984c9ccc90844176916920eb4ab69",
      "Length": 257,
      "update_at": "2025-12-05T17:22:39.000Z"
    },
    {
      "shortPath": "l2/agentNewMiniApp.ts",
      "versionRef": "fbda146149853decb61aaca7dbc595b2c7e3b7ad",
      "Length": 7686,
      "update_at": "2025-12-11T21:18:04.000Z"
    },
    {
      "shortPath": "l2/agentUpdateMiniApp.defs.ts",
      "versionRef": "79eb007dbc65c5df89ceb4d6ad21086e012174ea",
      "Length": 92,
      "update_at": "2025-12-05T17:22:41.000Z"
    },
    {
      "shortPath": "l2/agentUpdateMiniApp.html",
      "versionRef": "dfb418c90c65757f17d85890b14a41da7b16223a",
      "Length": 13949,
      "update_at": "2025-12-11T21:18:05.000Z"
    },
    {
      "shortPath": "l2/agentUpdateMiniApp.less",
      "versionRef": "4be7477b3467d12c437c67d4e34c9c061e828a33",
      "Length": 158,
      "update_at": "2025-12-05T17:22:42.000Z"
    },
    {
      "shortPath": "l2/agentUpdateMiniApp.test.ts",
      "versionRef": "4d2136f6f85d060bdbf809a9613ba04ca4fc3bf8",
      "Length": 260,
      "update_at": "2025-12-05T17:22:43.000Z"
    },
    {
      "shortPath": "l2/agentUpdateMiniApp.ts",
      "versionRef": "164d897fae4a33a68da4cd47965c26dd1b818375",
      "Length": 15986,
      "update_at": "2025-12-11T21:18:07.000Z"
    },
    {
      "shortPath": "l2/areaoftest/module.defs.ts",
      "versionRef": "4601ccae106353b2557ebfc9cf08af4e13e3f4dd",
      "Length": 90,
      "update_at": "2025-12-10T17:36:22.000Z"
    },
    {
      "shortPath": "l2/areaoftest/module.html",
      "versionRef": "6e54754ae6e62592cfb1ba96840c597443af8605",
      "Length": 15,
      "update_at": "2025-12-10T17:36:23.000Z"
    },
    {
      "shortPath": "l2/areaoftest/module.less",
      "versionRef": "6c0c729fb76427a6665640566127d9a35ceda4fb",
      "Length": 153,
      "update_at": "2025-12-10T17:36:24.000Z"
    },
    {
      "shortPath": "l2/areaoftest/module.test.ts",
      "versionRef": "f0ec367df20dfa1bfe44d624042e996170bd4a0b",
      "Length": 258,
      "update_at": "2025-12-10T17:36:25.000Z"
    },
    {
      "shortPath": "l2/areaoftest/module.ts",
      "versionRef": "2e7bcdb996f9c36bf14efddca0e3bc14200e8eb5",
      "Length": 959,
      "update_at": "2025-12-10T17:36:25.000Z"
    },
    {
      "shortPath": "l2/areaoftest/pageTest2.defs.ts",
      "versionRef": "5dbe7c9e752bd68c4f25bbeea5eff51fad0e4d4a",
      "Length": 93,
      "update_at": "2025-12-10T17:36:26.000Z"
    },
    {
      "shortPath": "l2/areaoftest/pageTest2.html",
      "versionRef": "6553a4b7c26386ac7c291f46f4de53273d379a14",
      "Length": 599,
      "update_at": "2025-12-10T17:36:27.000Z"
    },
    {
      "shortPath": "l2/areaoftest/pageTest2.less",
      "versionRef": "56c4600fc9a97c6c7103ae5a76a642757cf1cc6d",
      "Length": 160,
      "update_at": "2025-12-10T17:36:28.000Z"
    },
    {
      "shortPath": "l2/areaoftest/pageTest2.test.ts",
      "versionRef": "2382b21ed3fc5c02942945b594249423d33de7f1",
      "Length": 261,
      "update_at": "2025-12-10T17:36:28.000Z"
    },
    {
      "shortPath": "l2/areaoftest/pageTest2.ts",
      "versionRef": "5fe3625189698696f3199f81fa53a2e1743c39d4",
      "Length": 5617,
      "update_at": "2025-12-10T17:36:29.000Z"
    },
    {
      "shortPath": "l2/collabRunTime.defs.ts",
      "versionRef": "3c92f2798fdc8d6df9a22d6a318f61a5a39164c2",
      "Length": 87,
      "update_at": "2025-12-10T20:52:39.000Z"
    },
    {
      "shortPath": "l2/collabRunTime.html",
      "versionRef": "040470e56b56abbf88da7d707b51cff9ddbbbe1d",
      "Length": 22,
      "update_at": "2025-12-10T20:52:39.000Z"
    },
    {
      "shortPath": "l2/collabRunTime.less",
      "versionRef": "aaf3c6d8b172adb2995416ed98f8dee58eeb6c31",
      "Length": 147,
      "update_at": "2025-12-10T20:52:40.000Z"
    },
    {
      "shortPath": "l2/collabRunTime.test.ts",
      "versionRef": "8457c34f4df41a07454c5f63714a91032fca4981",
      "Length": 255,
      "update_at": "2025-12-10T20:52:40.000Z"
    },
    {
      "shortPath": "l2/collabRunTime.ts",
      "versionRef": "9e535bd96b2dc4d8f2de628787546ff128a550b1",
      "Length": 332,
      "update_at": "2025-12-10T20:52:41.000Z"
    },
    {
      "shortPath": "l2/config.defs.ts",
      "versionRef": "1642082a5432dd3cde61000642d87fffb827f39e",
      "Length": 80,
      "update_at": "2025-11-26T14:06:12.000Z"
    },
    {
      "shortPath": "l2/config.html",
      "versionRef": "e5ab8b9f59659f18aea1ba665eff49999d624d9d",
      "Length": 15,
      "update_at": "2025-11-26T14:06:13.000Z"
    },
    {
      "shortPath": "l2/config.less",
      "versionRef": "1dc1cceebed98997c2220ec2c654e41aee7a5ec2",
      "Length": 131,
      "update_at": "2025-11-26T14:06:13.000Z"
    },
    {
      "shortPath": "l2/config.test.ts",
      "versionRef": "42e47edd905a982da753a57d61add37bb61d1614",
      "Length": 248,
      "update_at": "2025-11-26T14:06:14.000Z"
    },
    {
      "shortPath": "l2/config.ts",
      "versionRef": "8067f0e30e4f7be2441828f35e63c8cf6992a171",
      "Length": 230,
      "update_at": "2025-12-10T17:36:14.000Z"
    },
    {
      "shortPath": "l2/designSystem.defs.ts",
      "versionRef": "6a015bf3ee75a3a8ea043d72349c11e8def92269",
      "Length": 86,
      "update_at": "2025-12-05T18:03:20.000Z"
    },
    {
      "shortPath": "l2/designSystem.html",
      "versionRef": "407e94c1cf19a0a3117d9d391bd2a1dcb58b4471",
      "Length": 21,
      "update_at": "2025-12-05T18:03:21.000Z"
    },
    {
      "shortPath": "l2/designSystem.less",
      "versionRef": "7a01636c1c707f31ea2d6def57d4d644c6ea2d32",
      "Length": 144,
      "update_at": "2025-12-05T18:03:21.000Z"
    },
    {
      "shortPath": "l2/designSystem.test.ts",
      "versionRef": "5b8fb4f61eb91c7dd352fdd74a63417d3bb2a055",
      "Length": 260,
      "update_at": "2025-12-05T18:03:22.000Z"
    },
    {
      "shortPath": "l2/designSystem.ts",
      "versionRef": "759e4657b83a744471dc7ef39c4261a8e8e48864",
      "Length": 16163,
      "update_at": "2025-12-05T18:03:23.000Z"
    },
    {
      "shortPath": "l2/project.defs.ts",
      "versionRef": "324445460a51ec38bbc2a0a604f1910da3dc0934",
      "Length": 81,
      "update_at": "2025-12-10T17:36:15.000Z"
    },
    {
      "shortPath": "l2/project.html",
      "versionRef": "88a90cf32ef33346febb29387541246b1be9a2e0",
      "Length": 16,
      "update_at": "2025-12-10T17:36:15.000Z"
    },
    {
      "shortPath": "l2/project.less",
      "versionRef": "f068a14ec011c4ba3182d347f3e145d3eece78ea",
      "Length": 133,
      "update_at": "2025-12-10T17:36:16.000Z"
    },
    {
      "shortPath": "l2/project.test.ts",
      "versionRef": "c647f9b64056c4faff06051e8f77787360f8062d",
      "Length": 249,
      "update_at": "2025-12-10T17:36:17.000Z"
    },
    {
      "shortPath": "l2/project.ts",
      "versionRef": "36f2d296bea6981be47960285a9535b839c640fb",
      "Length": 592,
      "update_at": "2025-12-10T20:52:38.000Z"
    },
    {
      "shortPath": "l5/project.json",
      "versionRef": "7b43a247f8c442856d3dee8f1e8d720526ba13b2",
      "Length": 561,
      "update_at": "2025-11-26T14:06:16.000Z"
    },
    {
      "shortPath": "l0/package.json",
      "versionRef": "d4076eb9ef229686e51bc94dcfbc8c2c7cfe9c48",
      "Length": 470,
      "update_at": "2025-11-14T20:45:35.000Z"
    },
    {
      "shortPath": "l0/tsconfig.json",
      "versionRef": "f631a300b5933b05930cd9f4bcd1b72ee38178e4",
      "Length": 1042,
      "update_at": "2025-12-04T19:26:45.000Z"
    }
  ]
}